"module name","licenses","repository","licenseUrl","parents"
"@babel/code-frame@7.12.11","MIT","https://github.com/babel/babel","https://github.com/babel/babel/raw/master/LICENSE","learn-starter"
"@babel/helper-validator-identifier@7.14.5","MIT","https://github.com/babel/babel","https://github.com/babel/babel/raw/master/LICENSE","learn-starter"
"@babel/highlight@7.14.5","MIT","https://github.com/babel/babel","https://github.com/babel/babel/raw/master/LICENSE","learn-starter"
"@babel/runtime-corejs3@7.14.7","MIT","https://github.com/babel/babel","https://github.com/babel/babel/raw/master/LICENSE","learn-starter"
"@babel/runtime@7.12.5","MIT","https://github.com/babel/babel","https://github.com/babel/babel/raw/master/LICENSE","learn-starter"
"@babel/types@7.8.3","MIT","https://github.com/babel/babel/tree/master/packages/babel-types","https://github.com/babel/babel/tree/master/packages/babel-types/raw/master/LICENSE","learn-starter"
"@eslint/eslintrc@0.4.2","MIT","https://github.com/eslint/eslintrc","https://github.com/eslint/eslintrc/raw/master/LICENSE","learn-starter"
"@hapi/accept@5.0.2","BSD-3-Clause","https://github.com/hapijs/accept","https://github.com/hapijs/accept/raw/master/LICENSE.md","learn-starter"
"@hapi/boom@9.1.2","BSD-3-Clause","https://github.com/hapijs/boom","https://github.com/hapijs/boom/raw/master/LICENSE.md","learn-starter"
"@hapi/hoek@9.2.0","BSD-3-Clause","https://github.com/hapijs/hoek","https://github.com/hapijs/hoek/raw/master/LICENSE.md","learn-starter"
"@humanwhocodes/config-array@0.5.0","Apache-2.0","https://github.com/humanwhocodes/config-array","https://github.com/humanwhocodes/config-array/raw/master/LICENSE","learn-starter"
"@humanwhocodes/object-schema@1.2.0","BSD-3-Clause","https://github.com/humanwhocodes/object-schema","https://github.com/humanwhocodes/object-schema/raw/master/LICENSE","learn-starter"
"@next/env@10.2.3","MIT","https://github.com/vercel/next.js","https://github.com/vercel/next.js/raw/master/license.md","learn-starter"
"@next/eslint-plugin-next@11.0.1","MIT","https://github.com/vercel/next.js","https://github.com/vercel/next.js/raw/master/license.md","learn-starter"
"@next/polyfill-module@10.2.3","MIT","https://github.com/vercel/next.js","https://github.com/vercel/next.js/raw/master/license.md","learn-starter"
"@next/react-dev-overlay@10.2.3","MIT","https://github.com/vercel/next.js","https://github.com/vercel/next.js/raw/master/license.md","learn-starter"
"@next/react-refresh-utils@10.2.3","MIT","https://github.com/vercel/next.js","https://github.com/vercel/next.js/raw/master/license.md","learn-starter"
"@nodelib/fs.scandir@2.1.5","MIT","https://github.com/nodelib/nodelib/tree/master/packages/fs/fs.scandir","https://github.com/nodelib/nodelib/tree/master/packages/fs/fs.scandir/raw/master/LICENSE","learn-starter"
"@nodelib/fs.stat@2.0.5","MIT","https://github.com/nodelib/nodelib/tree/master/packages/fs/fs.stat","https://github.com/nodelib/nodelib/tree/master/packages/fs/fs.stat/raw/master/LICENSE","learn-starter"
"@nodelib/fs.walk@1.2.7","MIT","https://github.com/nodelib/nodelib/tree/master/packages/fs/fs.walk","https://github.com/nodelib/nodelib/tree/master/packages/fs/fs.walk/raw/master/LICENSE","learn-starter"
"@opentelemetry/api@0.14.0","Apache-2.0","https://github.com/open-telemetry/opentelemetry-js","https://github.com/open-telemetry/opentelemetry-js/raw/master/LICENSE","learn-starter"
"@opentelemetry/context-base@0.14.0","Apache-2.0","https://github.com/open-telemetry/opentelemetry-js","https://github.com/open-telemetry/opentelemetry-js/raw/master/LICENSE","learn-starter"
"@rushstack/eslint-patch@1.0.6","MIT","https://github.com/microsoft/rushstack/tree/master/stack/eslint-patch","https://github.com/microsoft/rushstack/tree/master/stack/eslint-patch/raw/master/LICENSE","learn-starter"
"@types/json-schema@7.0.7","MIT","https://github.com/DefinitelyTyped/DefinitelyTyped","https://github.com/DefinitelyTyped/DefinitelyTyped/raw/master/LICENSE","learn-starter"
"@types/json5@0.0.29","MIT","https://github.com/DefinitelyTyped/DefinitelyTyped","https://github.com/DefinitelyTyped/DefinitelyTyped","learn-starter"
"@types/node@15.12.4","MIT","https://github.com/DefinitelyTyped/DefinitelyTyped","https://github.com/DefinitelyTyped/DefinitelyTyped/raw/master/LICENSE","learn-starter"
"@types/prop-types@15.7.3","MIT","https://github.com/DefinitelyTyped/DefinitelyTyped","https://github.com/DefinitelyTyped/DefinitelyTyped/raw/master/LICENSE","learn-starter"
"@types/react@17.0.11","MIT","https://github.com/DefinitelyTyped/DefinitelyTyped","https://github.com/DefinitelyTyped/DefinitelyTyped/raw/master/LICENSE","learn-starter"
"@types/scheduler@0.16.1","MIT","https://github.com/DefinitelyTyped/DefinitelyTyped","https://github.com/DefinitelyTyped/DefinitelyTyped/raw/master/LICENSE","learn-starter"
"@typescript-eslint/eslint-plugin@4.28.1","MIT","https://github.com/typescript-eslint/typescript-eslint","https://github.com/typescript-eslint/typescript-eslint/raw/master/LICENSE","learn-starter"
"@typescript-eslint/experimental-utils@4.28.1","MIT","https://github.com/typescript-eslint/typescript-eslint","https://github.com/typescript-eslint/typescript-eslint/raw/master/LICENSE","learn-starter"
"@typescript-eslint/parser@4.28.1","BSD-2-Clause","https://github.com/typescript-eslint/typescript-eslint","https://github.com/typescript-eslint/typescript-eslint/raw/master/LICENSE","learn-starter"
"@typescript-eslint/scope-manager@4.28.1","MIT","https://github.com/typescript-eslint/typescript-eslint","https://github.com/typescript-eslint/typescript-eslint/raw/master/LICENSE","learn-starter"
"@typescript-eslint/types@4.28.1","MIT","https://github.com/typescript-eslint/typescript-eslint","https://github.com/typescript-eslint/typescript-eslint/raw/master/LICENSE","learn-starter"
"@typescript-eslint/typescript-estree@4.28.1","BSD-2-Clause","https://github.com/typescript-eslint/typescript-eslint","https://github.com/typescript-eslint/typescript-eslint/raw/master/LICENSE","learn-starter"
"@typescript-eslint/visitor-keys@4.28.1","MIT","https://github.com/typescript-eslint/typescript-eslint","https://github.com/typescript-eslint/typescript-eslint/raw/master/LICENSE","learn-starter"
"abbrev@1.1.1","ISC","https://github.com/isaacs/abbrev-js","https://github.com/isaacs/abbrev-js/raw/master/LICENSE","learn-starter"
"acorn-jsx@5.3.1","MIT","https://github.com/acornjs/acorn-jsx","https://github.com/acornjs/acorn-jsx/raw/master/LICENSE","learn-starter"
"acorn@7.4.1","MIT","https://github.com/acornjs/acorn","https://github.com/acornjs/acorn/raw/master/LICENSE","learn-starter"
"ajv@6.12.6","MIT","https://github.com/ajv-validator/ajv","https://github.com/ajv-validator/ajv/raw/master/LICENSE","learn-starter"
"ajv@8.6.1","MIT","https://github.com/ajv-validator/ajv","https://github.com/ajv-validator/ajv/raw/master/LICENSE","table:learn-starter"
"anser@1.4.9","MIT","https://github.com/IonicaBizau/anser","https://github.com/IonicaBizau/anser/raw/master/LICENSE","learn-starter"
"ansi-colors@4.1.1","MIT","https://github.com/doowb/ansi-colors","https://github.com/doowb/ansi-colors/raw/master/LICENSE","learn-starter"
"ansi-regex@0.2.1","MIT","https://github.com/sindresorhus/ansi-regex","https://github.com/sindresorhus/ansi-regex","has-ansi:learn-starter"
"ansi-regex@5.0.0","MIT","https://github.com/chalk/ansi-regex","https://github.com/chalk/ansi-regex/raw/master/license","learn-starter"
"ansi-styles@1.1.0","MIT","https://github.com/sindresorhus/ansi-styles","https://github.com/sindresorhus/ansi-styles","license-checker:learn-starter"
"ansi-styles@3.2.1","MIT","https://github.com/chalk/ansi-styles","https://github.com/chalk/ansi-styles/raw/master/license","learn-starter"
"ansi-styles@4.3.0","MIT","https://github.com/chalk/ansi-styles","https://github.com/chalk/ansi-styles/raw/master/license","@next/react-dev-overlay:learn-starter"
"anymatch@3.1.2","ISC","https://github.com/micromatch/anymatch","https://github.com/micromatch/anymatch/raw/master/LICENSE","learn-starter"
"argparse@1.0.10","MIT","https://github.com/nodeca/argparse","https://github.com/nodeca/argparse/raw/master/LICENSE","learn-starter"
"aria-query@4.2.2","Apache-2.0","https://github.com/A11yance/aria-query","https://github.com/A11yance/aria-query/raw/master/LICENSE","learn-starter"
"array-includes@3.1.3","MIT","https://github.com/es-shims/array-includes","https://github.com/es-shims/array-includes/raw/master/LICENSE","learn-starter"
"array-union@2.1.0","MIT","https://github.com/sindresorhus/array-union","https://github.com/sindresorhus/array-union/raw/master/license","learn-starter"
"array.prototype.flat@1.2.4","MIT","https://github.com/es-shims/Array.prototype.flat","https://github.com/es-shims/Array.prototype.flat/raw/master/LICENSE","learn-starter"
"array.prototype.flatmap@1.2.4","MIT","https://github.com/es-shims/Array.prototype.flatMap","https://github.com/es-shims/Array.prototype.flatMap/raw/master/LICENSE","learn-starter"
"asap@2.0.6","MIT","https://github.com/kriskowal/asap","https://github.com/kriskowal/asap/raw/master/LICENSE.md","learn-starter"
"asn1.js@5.4.1","MIT","https://github.com/indutny/asn1.js","https://github.com/indutny/asn1.js/raw/master/LICENSE","learn-starter"
"assert@1.5.0","MIT","https://github.com/browserify/commonjs-assert","https://github.com/browserify/commonjs-assert/raw/master/LICENSE","node-libs-browser:learn-starter"
"assert@2.0.0","MIT","https://github.com/browserify/commonjs-assert","https://github.com/browserify/commonjs-assert/raw/master/LICENSE","learn-starter"
"ast-types-flow@0.0.7","ISC","https://github.com/kyldvs/ast-types-flow","https://github.com/kyldvs/ast-types-flow","learn-starter"
"ast-types@0.13.2","MIT","https://github.com/benjamn/ast-types","https://github.com/benjamn/ast-types/raw/master/LICENSE","learn-starter"
"astral-regex@2.0.0","MIT","https://github.com/kevva/astral-regex","https://github.com/kevva/astral-regex/raw/master/license","learn-starter"
"async@2.6.3","MIT","https://github.com/caolan/async","https://github.com/caolan/async/raw/master/LICENSE","learn-starter"
"available-typed-arrays@1.0.4","MIT","https://github.com/inspect-js/available-typed-arrays","https://github.com/inspect-js/available-typed-arrays/raw/master/LICENSE","learn-starter"
"axe-core@4.2.3","MPL-2.0","https://github.com/dequelabs/axe-core","https://github.com/dequelabs/axe-core/raw/master/LICENSE","learn-starter"
"axobject-query@2.2.0","Apache-2.0","https://github.com/A11yance/axobject-query","https://github.com/A11yance/axobject-query/raw/master/LICENSE","learn-starter"
"babel-plugin-syntax-jsx@6.18.0","MIT","https://github.com/babel/babel/tree/master/packages/babel-plugin-syntax-jsx","https://github.com/babel/babel/tree/master/packages/babel-plugin-syntax-jsx","learn-starter"
"balanced-match@1.0.2","MIT","https://github.com/juliangruber/balanced-match","https://github.com/juliangruber/balanced-match/raw/master/LICENSE.md","learn-starter"
"base64-js@1.5.1","MIT","https://github.com/beatgammit/base64-js","https://github.com/beatgammit/base64-js/raw/master/LICENSE","learn-starter"
"big.js@5.2.2","MIT","https://github.com/MikeMcl/big.js","https://github.com/MikeMcl/big.js/raw/master/LICENCE","learn-starter"
"binary-extensions@2.2.0","MIT","https://github.com/sindresorhus/binary-extensions","https://github.com/sindresorhus/binary-extensions/raw/master/license","learn-starter"
"bn.js@4.12.0","MIT","https://github.com/indutny/bn.js","https://github.com/indutny/bn.js/raw/master/LICENSE","elliptic:learn-starter"
"bn.js@5.2.0","MIT","https://github.com/indutny/bn.js","https://github.com/indutny/bn.js/raw/master/LICENSE","learn-starter"
"brace-expansion@1.1.11","MIT","https://github.com/juliangruber/brace-expansion","https://github.com/juliangruber/brace-expansion/raw/master/LICENSE","learn-starter"
"braces@3.0.2","MIT","https://github.com/micromatch/braces","https://github.com/micromatch/braces/raw/master/LICENSE","learn-starter"
"brorand@1.1.0","MIT","https://github.com/indutny/brorand","https://github.com/indutny/brorand","learn-starter"
"browserify-aes@1.2.0","MIT","https://github.com/crypto-browserify/browserify-aes","https://github.com/crypto-browserify/browserify-aes/raw/master/LICENSE","learn-starter"
"browserify-cipher@1.0.1","MIT","https://github.com/crypto-browserify/browserify-cipher","https://github.com/crypto-browserify/browserify-cipher/raw/master/LICENSE","learn-starter"
"browserify-des@1.0.2","MIT","https://github.com/crypto-browserify/browserify-des","https://github.com/crypto-browserify/browserify-des/raw/master/license","learn-starter"
"browserify-rsa@4.1.0","MIT","https://github.com/crypto-browserify/browserify-rsa","https://github.com/crypto-browserify/browserify-rsa/raw/master/LICENSE","learn-starter"
"browserify-sign@4.2.1","ISC","https://github.com/crypto-browserify/browserify-sign","https://github.com/crypto-browserify/browserify-sign/raw/master/LICENSE","learn-starter"
"browserify-zlib@0.2.0","MIT","https://github.com/devongovett/browserify-zlib","https://github.com/devongovett/browserify-zlib/raw/master/LICENSE","learn-starter"
"browserslist@4.16.6","MIT","https://github.com/browserslist/browserslist","https://github.com/browserslist/browserslist/raw/master/LICENSE","learn-starter"
"buffer-xor@1.0.3","MIT","https://github.com/crypto-browserify/buffer-xor","https://github.com/crypto-browserify/buffer-xor/raw/master/LICENSE","learn-starter"
"buffer@4.9.2","MIT","https://github.com/feross/buffer","https://github.com/feross/buffer/raw/master/LICENSE","node-libs-browser:learn-starter"
"buffer@5.6.0","MIT","https://github.com/feross/buffer","https://github.com/feross/buffer/raw/master/LICENSE","learn-starter"
"builtin-status-codes@3.0.0","MIT","https://github.com/bendrucker/builtin-status-codes","https://github.com/bendrucker/builtin-status-codes/raw/master/license","learn-starter"
"bytes@3.1.0","MIT","https://github.com/visionmedia/bytes.js","https://github.com/visionmedia/bytes.js/raw/master/LICENSE","learn-starter"
"call-bind@1.0.2","MIT","https://github.com/ljharb/call-bind","https://github.com/ljharb/call-bind/raw/master/LICENSE","learn-starter"
"callsites@3.1.0","MIT","https://github.com/sindresorhus/callsites","https://github.com/sindresorhus/callsites/raw/master/license","learn-starter"
"caniuse-lite@1.0.30001240","CC-BY-4.0","https://github.com/browserslist/caniuse-lite","https://github.com/browserslist/caniuse-lite/raw/master/LICENSE","learn-starter"
"chalk@0.5.1","MIT","https://github.com/sindresorhus/chalk","https://github.com/sindresorhus/chalk","license-checker:learn-starter"
"chalk@2.4.2","MIT","https://github.com/chalk/chalk","https://github.com/chalk/chalk/raw/master/license","learn-starter"
"chalk@4.0.0","MIT","https://github.com/chalk/chalk","https://github.com/chalk/chalk/raw/master/license","@next/react-dev-overlay:learn-starter"
"chalk@4.1.1","MIT","https://github.com/chalk/chalk","https://github.com/chalk/chalk/raw/master/license","eslint:learn-starter"
"chokidar@3.5.1","MIT","https://github.com/paulmillr/chokidar","https://github.com/paulmillr/chokidar/raw/master/LICENSE","learn-starter"
"cipher-base@1.0.4","MIT","https://github.com/crypto-browserify/cipher-base","https://github.com/crypto-browserify/cipher-base/raw/master/LICENSE","learn-starter"
"classnames@2.2.6","MIT","https://github.com/JedWatson/classnames","https://github.com/JedWatson/classnames/raw/master/LICENSE","learn-starter"
"color-convert@1.9.3","MIT","https://github.com/Qix-/color-convert","https://github.com/Qix-/color-convert/raw/master/LICENSE","learn-starter"
"color-convert@2.0.1","MIT","https://github.com/Qix-/color-convert","https://github.com/Qix-/color-convert/raw/master/LICENSE","@next/react-dev-overlay:learn-starter"
"color-name@1.1.3","MIT","https://github.com/dfcreative/color-name","https://github.com/dfcreative/color-name/raw/master/LICENSE","learn-starter"
"color-name@1.1.4","MIT","https://github.com/colorjs/color-name","https://github.com/colorjs/color-name/raw/master/LICENSE","@next/react-dev-overlay:learn-starter"
"colorette@1.2.2","MIT","https://github.com/jorgebucaran/colorette","https://github.com/jorgebucaran/colorette/raw/master/LICENSE.md","learn-starter"
"commondir@1.0.1","MIT","https://github.com/substack/node-commondir","https://github.com/substack/node-commondir/raw/master/LICENSE","learn-starter"
"concat-map@0.0.1","MIT","https://github.com/substack/node-concat-map","https://github.com/substack/node-concat-map/raw/master/LICENSE","learn-starter"
"confusing-browser-globals@1.0.10","MIT","https://github.com/facebook/create-react-app","https://github.com/facebook/create-react-app/raw/master/LICENSE","learn-starter"
"console-browserify@1.2.0","MIT","https://github.com/browserify/console-browserify","http://github.com/browserify/console-browserify/raw/master/LICENSE","learn-starter"
"constants-browserify@1.0.0","MIT","https://github.com/juliangruber/constants-browserify","https://github.com/juliangruber/constants-browserify","learn-starter"
"convert-source-map@1.7.0","MIT","https://github.com/thlorenz/convert-source-map","https://github.com/thlorenz/convert-source-map/raw/master/LICENSE","learn-starter"
"core-js-pure@3.15.2","MIT","https://github.com/zloirock/core-js","https://github.com/zloirock/core-js/raw/master/LICENSE","learn-starter"
"core-util-is@1.0.2","MIT","https://github.com/isaacs/core-util-is","https://github.com/isaacs/core-util-is/raw/master/LICENSE","learn-starter"
"create-ecdh@4.0.4","MIT","https://github.com/crypto-browserify/createECDH","https://github.com/crypto-browserify/createECDH/raw/master/LICENSE","learn-starter"
"create-hash@1.2.0","MIT","https://github.com/crypto-browserify/createHash","https://github.com/crypto-browserify/createHash/raw/master/LICENSE","learn-starter"
"create-hmac@1.1.7","MIT","https://github.com/crypto-browserify/createHmac","https://github.com/crypto-browserify/createHmac/raw/master/LICENSE","learn-starter"
"cross-spawn@7.0.3","MIT","https://github.com/moxystudio/node-cross-spawn","https://github.com/moxystudio/node-cross-spawn/raw/master/LICENSE","learn-starter"
"crypto-browserify@3.12.0","MIT","https://github.com/crypto-browserify/crypto-browserify","https://github.com/crypto-browserify/crypto-browserify/raw/master/LICENSE","learn-starter"
"css.escape@1.5.1","MIT","https://github.com/mathiasbynens/CSS.escape","https://github.com/mathiasbynens/CSS.escape/raw/master/LICENSE-MIT.txt","learn-starter"
"cssnano-preset-simple@2.0.0","MIT","https://github.com/timer/cssnano-preset-simple","https://github.com/timer/cssnano-preset-simple","learn-starter"
"cssnano-simple@2.0.0","MIT","https://github.com/timer/cssnano-simple","https://github.com/timer/cssnano-simple","learn-starter"
"csstype@3.0.8","MIT","https://github.com/frenic/csstype","https://github.com/frenic/csstype/raw/master/LICENSE","learn-starter"
"damerau-levenshtein@1.0.7","BSD-2-Clause","https://github.com/tad-lispy/node-damerau-levenshtein","https://github.com/tad-lispy/node-damerau-levenshtein/raw/master/LICENSE","learn-starter"
"data-uri-to-buffer@3.0.1","MIT","https://github.com/TooTallNate/node-data-uri-to-buffer","https://github.com/TooTallNate/node-data-uri-to-buffer","learn-starter"
"debug@2.6.9","MIT","https://github.com/visionmedia/debug","https://github.com/visionmedia/debug/raw/master/LICENSE","learn-starter"
"debug@3.2.7","MIT","https://github.com/visionmedia/debug","https://github.com/visionmedia/debug/raw/master/LICENSE","eslint-module-utils:learn-starter"
"debug@4.3.1","MIT","https://github.com/visionmedia/debug","https://github.com/visionmedia/debug/raw/master/LICENSE","eslint-import-resolver-typescript:learn-starter"
"debug@4.3.2","MIT","https://github.com/visionmedia/debug","https://github.com/visionmedia/debug/raw/master/LICENSE","@typescript-eslint/typescript-estree:learn-starter"
"debuglog@1.0.1","MIT","https://github.com/sam-github/node-debuglog","https://github.com/sam-github/node-debuglog/raw/master/LICENSE","learn-starter"
"deep-is@0.1.3","MIT","https://github.com/thlorenz/deep-is","https://github.com/thlorenz/deep-is/blob/master/LICENSE","learn-starter"
"define-properties@1.1.3","MIT","https://github.com/ljharb/define-properties","https://github.com/ljharb/define-properties/raw/master/LICENSE","learn-starter"
"depd@1.1.2","MIT","https://github.com/dougwilson/nodejs-depd","https://github.com/dougwilson/nodejs-depd/raw/master/LICENSE","learn-starter"
"des.js@1.0.1","MIT","https://github.com/indutny/des.js","https://github.com/indutny/des.js","learn-starter"
"dezalgo@1.0.3","ISC","https://github.com/npm/dezalgo","https://github.com/npm/dezalgo/raw/master/LICENSE","learn-starter"
"diffie-hellman@5.0.3","MIT","https://github.com/crypto-browserify/diffie-hellman","https://github.com/crypto-browserify/diffie-hellman/raw/master/LICENSE","learn-starter"
"dir-glob@3.0.1","MIT","https://github.com/kevva/dir-glob","https://github.com/kevva/dir-glob/raw/master/license","learn-starter"
"doctrine@2.1.0","Apache-2.0","https://github.com/eslint/doctrine","https://github.com/eslint/doctrine/raw/master/LICENSE","eslint-plugin-import:learn-starter"
"doctrine@3.0.0","Apache-2.0","https://github.com/eslint/doctrine","https://github.com/eslint/doctrine/raw/master/LICENSE","learn-starter"
"domain-browser@1.2.0","MIT","https://github.com/bevry/domain-browser","https://github.com/bevry/domain-browser/raw/master/LICENSE.md","node-libs-browser:learn-starter"
"domain-browser@4.19.0","MIT","https://github.com/bevry/domain-browser","https://github.com/bevry/domain-browser/raw/master/LICENSE.md","learn-starter"
"electron-to-chromium@1.3.759","ISC","https://github.com/kilian/electron-to-chromium","https://github.com/kilian/electron-to-chromium/raw/master/LICENSE","learn-starter"
"elliptic@6.5.4","MIT","https://github.com/indutny/elliptic","https://github.com/indutny/elliptic","learn-starter"
"emoji-regex@8.0.0","MIT","https://github.com/mathiasbynens/emoji-regex","https://github.com/mathiasbynens/emoji-regex/raw/master/LICENSE-MIT.txt","learn-starter"
"emoji-regex@9.2.2","MIT","https://github.com/mathiasbynens/emoji-regex","https://github.com/mathiasbynens/emoji-regex/raw/master/LICENSE-MIT.txt","eslint-plugin-jsx-a11y:learn-starter"
"emojis-list@2.1.0","MIT","https://github.com/kikobeats/emojis-list","https://github.com/kikobeats/emojis-list/raw/master/LICENSE.md","learn-starter"
"encoding@0.1.13","MIT","https://github.com/andris9/encoding","https://github.com/andris9/encoding/raw/master/LICENSE","learn-starter"
"enquirer@2.3.6","MIT","https://github.com/enquirer/enquirer","https://github.com/enquirer/enquirer/raw/master/LICENSE","learn-starter"
"error-ex@1.3.2","MIT","https://github.com/qix-/node-error-ex","https://github.com/qix-/node-error-ex/raw/master/LICENSE","learn-starter"
"es-abstract@1.18.3","MIT","https://github.com/ljharb/es-abstract","https://github.com/ljharb/es-abstract/raw/master/LICENSE","learn-starter"
"es-to-primitive@1.2.1","MIT","https://github.com/ljharb/es-to-primitive","https://github.com/ljharb/es-to-primitive/raw/master/LICENSE","learn-starter"
"es6-object-assign@1.1.0","MIT","https://github.com/rubennorte/es6-object-assign","https://github.com/rubennorte/es6-object-assign/raw/master/LICENSE","learn-starter"
"escalade@3.1.1","MIT","https://github.com/lukeed/escalade","https://github.com/lukeed/escalade/raw/master/license","learn-starter"
"escape-string-regexp@1.0.5","MIT","https://github.com/sindresorhus/escape-string-regexp","https://github.com/sindresorhus/escape-string-regexp/raw/master/license","learn-starter"
"escape-string-regexp@4.0.0","MIT","https://github.com/sindresorhus/escape-string-regexp","https://github.com/sindresorhus/escape-string-regexp/raw/master/license","eslint:learn-starter"
"eslint-config-airbnb-base@14.2.1","MIT","https://github.com/airbnb/javascript","https://github.com/airbnb/javascript/raw/master/LICENSE.md","learn-starter"
"eslint-config-airbnb@18.2.1","MIT","https://github.com/airbnb/javascript","https://github.com/airbnb/javascript/raw/master/LICENSE.md","learn-starter"
"eslint-config-next@11.0.1","MIT","https://github.com/vercel/next.js","https://github.com/vercel/next.js/raw/master/license.md","learn-starter"
"eslint-import-resolver-node@0.3.4","MIT","https://github.com/benmosher/eslint-plugin-import","https://github.com/benmosher/eslint-plugin-import/raw/master/LICENSE","learn-starter"
"eslint-import-resolver-typescript@2.4.0","ISC","https://github.com/alexgorbatchev/eslint-import-resolver-typescript","https://github.com/alexgorbatchev/eslint-import-resolver-typescript","learn-starter"
"eslint-module-utils@2.6.1","MIT","https://github.com/benmosher/eslint-plugin-import","https://github.com/benmosher/eslint-plugin-import/raw/master/LICENSE","learn-starter"
"eslint-plugin-import@2.23.4","MIT","https://github.com/benmosher/eslint-plugin-import","https://github.com/benmosher/eslint-plugin-import/raw/master/LICENSE","learn-starter"
"eslint-plugin-jsx-a11y@6.4.1","MIT","https://github.com/evcohen/eslint-plugin-jsx-a11y","https://github.com/evcohen/eslint-plugin-jsx-a11y/raw/master/LICENSE.md","learn-starter"
"eslint-plugin-react-hooks@4.2.0","MIT","https://github.com/facebook/react","https://github.com/facebook/react/raw/master/LICENSE","learn-starter"
"eslint-plugin-react@7.24.0","MIT","https://github.com/yannickcr/eslint-plugin-react","https://github.com/yannickcr/eslint-plugin-react/raw/master/LICENSE","learn-starter"
"eslint-scope@5.1.1","BSD-2-Clause","https://github.com/eslint/eslint-scope","https://github.com/eslint/eslint-scope/raw/master/LICENSE","learn-starter"
"eslint-utils@2.1.0","MIT","https://github.com/mysticatea/eslint-utils","https://github.com/mysticatea/eslint-utils/raw/master/LICENSE","eslint:learn-starter"
"eslint-utils@3.0.0","MIT","https://github.com/mysticatea/eslint-utils","https://github.com/mysticatea/eslint-utils/raw/master/LICENSE","learn-starter"
"eslint-visitor-keys@1.3.0","Apache-2.0","https://github.com/eslint/eslint-visitor-keys","https://github.com/eslint/eslint-visitor-keys/raw/master/LICENSE","espree:learn-starter"
"eslint-visitor-keys@2.1.0","Apache-2.0","https://github.com/eslint/eslint-visitor-keys","https://github.com/eslint/eslint-visitor-keys/raw/master/LICENSE","learn-starter"
"eslint@7.30.0","MIT","https://github.com/eslint/eslint","https://github.com/eslint/eslint/raw/master/LICENSE","learn-starter"
"espree@7.3.1","BSD-2-Clause","https://github.com/eslint/espree","https://github.com/eslint/espree/raw/master/LICENSE","learn-starter"
"esprima@4.0.1","BSD-2-Clause","https://github.com/jquery/esprima","https://github.com/jquery/esprima/raw/master/LICENSE.BSD","learn-starter"
"esquery@1.4.0","BSD-3-Clause","https://github.com/estools/esquery","https://github.com/estools/esquery/raw/master/license.txt","learn-starter"
"esrecurse@4.3.0","BSD-2-Clause","https://github.com/estools/esrecurse","https://github.com/estools/esrecurse","learn-starter"
"estraverse@4.3.0","BSD-2-Clause","https://github.com/estools/estraverse","https://github.com/estools/estraverse/raw/master/LICENSE.BSD","learn-starter"
"estraverse@5.2.0","BSD-2-Clause","https://github.com/estools/estraverse","https://github.com/estools/estraverse/raw/master/LICENSE.BSD","esrecurse:learn-starter"
"esutils@2.0.3","BSD-2-Clause","https://github.com/estools/esutils","https://github.com/estools/esutils/raw/master/LICENSE.BSD","learn-starter"
"etag@1.8.1","MIT","https://github.com/jshttp/etag","https://github.com/jshttp/etag/raw/master/LICENSE","learn-starter"
"events@3.3.0","MIT","https://github.com/Gozala/events","https://github.com/Gozala/events/raw/master/LICENSE","learn-starter"
"evp_bytestokey@1.0.3","MIT","https://github.com/crypto-browserify/EVP_BytesToKey","https://github.com/crypto-browserify/EVP_BytesToKey/raw/master/LICENSE","learn-starter"
"fast-deep-equal@3.1.3","MIT","https://github.com/epoberezkin/fast-deep-equal","https://github.com/epoberezkin/fast-deep-equal/raw/master/LICENSE","learn-starter"
"fast-glob@3.2.6","MIT","https://github.com/mrmlnc/fast-glob","https://github.com/mrmlnc/fast-glob/raw/master/LICENSE","learn-starter"
"fast-json-stable-stringify@2.1.0","MIT","https://github.com/epoberezkin/fast-json-stable-stringify","https://github.com/epoberezkin/fast-json-stable-stringify/raw/master/LICENSE","learn-starter"
"fast-levenshtein@2.0.6","MIT","https://github.com/hiddentao/fast-levenshtein","https://github.com/hiddentao/fast-levenshtein/raw/master/LICENSE.md","learn-starter"
"fastq@1.11.1","ISC","https://github.com/mcollina/fastq","https://github.com/mcollina/fastq/raw/master/LICENSE","learn-starter"
"file-entry-cache@6.0.1","MIT","https://github.com/royriojas/file-entry-cache","https://github.com/royriojas/file-entry-cache/raw/master/LICENSE","learn-starter"
"fill-range@7.0.1","MIT","https://github.com/jonschlinkert/fill-range","https://github.com/jonschlinkert/fill-range/raw/master/LICENSE","learn-starter"
"find-cache-dir@3.3.1","MIT","https://github.com/avajs/find-cache-dir","https://github.com/avajs/find-cache-dir/raw/master/license","learn-starter"
"find-up@2.1.0","MIT","https://github.com/sindresorhus/find-up","https://github.com/sindresorhus/find-up/raw/master/license","eslint-module-utils:learn-starter"
"find-up@4.1.0","MIT","https://github.com/sindresorhus/find-up","https://github.com/sindresorhus/find-up/raw/master/license","learn-starter"
"flat-cache@3.0.4","MIT","https://github.com/royriojas/flat-cache","https://github.com/royriojas/flat-cache/raw/master/LICENSE","learn-starter"
"flatted@3.2.0","ISC","https://github.com/WebReflection/flatted","https://github.com/WebReflection/flatted/raw/master/LICENSE","learn-starter"
"foreach@2.0.5","MIT","https://github.com/manuelstofer/foreach","https://github.com/manuelstofer/foreach/raw/master/LICENSE","learn-starter"
"fs.realpath@1.0.0","ISC","https://github.com/isaacs/fs.realpath","https://github.com/isaacs/fs.realpath/raw/master/LICENSE","learn-starter"
"fsevents@2.3.2","MIT","https://github.com/fsevents/fsevents","https://github.com/fsevents/fsevents/raw/master/LICENSE","learn-starter"
"function-bind@1.1.1","MIT","https://github.com/Raynos/function-bind","https://github.com/Raynos/function-bind/raw/master/LICENSE","learn-starter"
"functional-red-black-tree@1.0.1","MIT","https://github.com/mikolalysenko/functional-red-black-tree","https://github.com/mikolalysenko/functional-red-black-tree/raw/master/LICENSE","learn-starter"
"get-intrinsic@1.1.1","MIT","https://github.com/ljharb/get-intrinsic","https://github.com/ljharb/get-intrinsic/raw/master/LICENSE","learn-starter"
"get-orientation@1.1.2","MIT","https://github.com/mooyoul/get-orientation","https://github.com/mooyoul/get-orientation/raw/master/LICENSE","learn-starter"
"github-url-from-git@1.5.0","MIT","https://github.com/visionmedia/node-github-url-from-git","https://github.com/visionmedia/node-github-url-from-git/raw/master/LICENSE","learn-starter"
"github-url-from-username-repo@1.0.2","BSD-2-Clause","https://github.com/robertkowalski/github-url-from-username-repo","https://github.com/robertkowalski/github-url-from-username-repo/raw/master/LICENSE","learn-starter"
"glob-parent@5.1.2","ISC","https://github.com/gulpjs/glob-parent","https://github.com/gulpjs/glob-parent/raw/master/LICENSE","learn-starter"
"glob-to-regexp@0.4.1","BSD-2-Clause","https://github.com/fitzgen/glob-to-regexp","https://github.com/fitzgen/glob-to-regexp","learn-starter"
"glob@5.0.15","ISC","https://github.com/isaacs/node-glob","https://github.com/isaacs/node-glob/raw/master/LICENSE","read-package-json:learn-starter"
"glob@7.1.7","ISC","https://github.com/isaacs/node-glob","https://github.com/isaacs/node-glob/raw/master/LICENSE","learn-starter"
"globals@13.9.0","MIT","https://github.com/sindresorhus/globals","https://github.com/sindresorhus/globals/raw/master/license","learn-starter"
"globby@11.0.4","MIT","https://github.com/sindresorhus/globby","https://github.com/sindresorhus/globby/raw/master/license","learn-starter"
"graceful-fs@3.0.12","ISC","https://github.com/isaacs/node-graceful-fs","https://github.com/isaacs/node-graceful-fs/raw/master/LICENSE","read-installed:learn-starter"
"graceful-fs@4.2.6","ISC","https://github.com/isaacs/node-graceful-fs","https://github.com/isaacs/node-graceful-fs/raw/master/LICENSE","learn-starter"
"has-ansi@0.1.0","MIT","https://github.com/sindresorhus/has-ansi","https://github.com/sindresorhus/has-ansi","learn-starter"
"has-bigints@1.0.1","MIT","https://github.com/ljharb/has-bigints","https://github.com/ljharb/has-bigints/raw/master/LICENSE","learn-starter"
"has-flag@3.0.0","MIT","https://github.com/sindresorhus/has-flag","https://github.com/sindresorhus/has-flag/raw/master/license","learn-starter"
"has-flag@4.0.0","MIT","https://github.com/sindresorhus/has-flag","https://github.com/sindresorhus/has-flag/raw/master/license","@next/react-dev-overlay:learn-starter"
"has-symbols@1.0.2","MIT","https://github.com/inspect-js/has-symbols","https://github.com/inspect-js/has-symbols/raw/master/LICENSE","learn-starter"
"has@1.0.3","MIT","https://github.com/tarruda/has","https://github.com/tarruda/has/raw/master/LICENSE-MIT","learn-starter"
"hash-base@3.1.0","MIT","https://github.com/crypto-browserify/hash-base","https://github.com/crypto-browserify/hash-base/raw/master/LICENSE","learn-starter"
"hash.js@1.1.7","MIT","https://github.com/indutny/hash.js","https://github.com/indutny/hash.js","learn-starter"
"he@1.2.0","MIT","https://github.com/mathiasbynens/he","https://github.com/mathiasbynens/he/raw/master/LICENSE-MIT.txt","learn-starter"
"hmac-drbg@1.0.1","MIT","https://github.com/indutny/hmac-drbg","https://github.com/indutny/hmac-drbg","learn-starter"
"hosted-git-info@2.8.9","ISC","https://github.com/npm/hosted-git-info","https://github.com/npm/hosted-git-info/raw/master/LICENSE","learn-starter"
"http-errors@1.7.3","MIT","https://github.com/jshttp/http-errors","https://github.com/jshttp/http-errors/raw/master/LICENSE","learn-starter"
"https-browserify@1.0.0","MIT","https://github.com/substack/https-browserify","https://github.com/substack/https-browserify/raw/master/LICENSE","learn-starter"
"iconv-lite@0.4.24","MIT","https://github.com/ashtuchkin/iconv-lite","https://github.com/ashtuchkin/iconv-lite/raw/master/LICENSE","raw-body:learn-starter"
"iconv-lite@0.6.3","MIT","https://github.com/ashtuchkin/iconv-lite","https://github.com/ashtuchkin/iconv-lite/raw/master/LICENSE","learn-starter"
"ieee754@1.2.1","BSD-3-Clause","https://github.com/feross/ieee754","https://github.com/feross/ieee754/raw/master/LICENSE","learn-starter"
"ignore@4.0.6","MIT","https://github.com/kaelzhang/node-ignore","https://github.com/kaelzhang/node-ignore/raw/master/LICENSE-MIT","@eslint/eslintrc:learn-starter"
"ignore@5.1.8","MIT","https://github.com/kaelzhang/node-ignore","https://github.com/kaelzhang/node-ignore/raw/master/LICENSE-MIT","learn-starter"
"import-fresh@3.3.0","MIT","https://github.com/sindresorhus/import-fresh","https://github.com/sindresorhus/import-fresh/raw/master/license","learn-starter"
"imurmurhash@0.1.4","MIT","https://github.com/jensyt/imurmurhash-js","https://github.com/jensyt/imurmurhash-js","learn-starter"
"inflight@1.0.6","ISC","https://github.com/npm/inflight","https://github.com/npm/inflight/raw/master/LICENSE","learn-starter"
"inherits@2.0.1","ISC","https://github.com/isaacs/inherits","https://github.com/isaacs/inherits/raw/master/LICENSE","node-libs-browser:learn-starter"
"inherits@2.0.3","ISC","https://github.com/isaacs/inherits","https://github.com/isaacs/inherits/raw/master/LICENSE","util:node-libs-browser:learn-starter"
"inherits@2.0.4","ISC","https://github.com/isaacs/inherits","https://github.com/isaacs/inherits/raw/master/LICENSE","learn-starter"
"internal-slot@1.0.3","MIT","https://github.com/ljharb/internal-slot","https://github.com/ljharb/internal-slot/raw/master/LICENSE","learn-starter"
"is-arguments@1.1.0","MIT","https://github.com/inspect-js/is-arguments","https://github.com/inspect-js/is-arguments/raw/master/LICENSE","learn-starter"
"is-arrayish@0.2.1","MIT","https://github.com/qix-/node-is-arrayish","https://github.com/qix-/node-is-arrayish/raw/master/LICENSE","learn-starter"
"is-bigint@1.0.2","MIT","https://github.com/inspect-js/is-bigint","https://github.com/inspect-js/is-bigint/raw/master/LICENSE","learn-starter"
"is-binary-path@2.1.0","MIT","https://github.com/sindresorhus/is-binary-path","https://github.com/sindresorhus/is-binary-path/raw/master/license","learn-starter"
"is-boolean-object@1.1.1","MIT","https://github.com/inspect-js/is-boolean-object","https://github.com/inspect-js/is-boolean-object/raw/master/LICENSE","learn-starter"
"is-callable@1.2.3","MIT","https://github.com/ljharb/is-callable","https://github.com/ljharb/is-callable/raw/master/LICENSE","learn-starter"
"is-core-module@2.4.0","MIT","https://github.com/inspect-js/is-core-module","https://github.com/inspect-js/is-core-module/raw/master/LICENSE","learn-starter"
"is-date-object@1.0.4","MIT","https://github.com/inspect-js/is-date-object","https://github.com/inspect-js/is-date-object/raw/master/LICENSE","learn-starter"
"is-extglob@2.1.1","MIT","https://github.com/jonschlinkert/is-extglob","https://github.com/jonschlinkert/is-extglob/raw/master/LICENSE","learn-starter"
"is-fullwidth-code-point@3.0.0","MIT","https://github.com/sindresorhus/is-fullwidth-code-point","https://github.com/sindresorhus/is-fullwidth-code-point/raw/master/license","learn-starter"
"is-generator-function@1.0.9","MIT","https://github.com/inspect-js/is-generator-function","https://github.com/inspect-js/is-generator-function/raw/master/LICENSE","learn-starter"
"is-glob@4.0.1","MIT","https://github.com/micromatch/is-glob","https://github.com/micromatch/is-glob/raw/master/LICENSE","learn-starter"
"is-nan@1.3.2","MIT","https://github.com/es-shims/is-nan","https://github.com/es-shims/is-nan/raw/master/LICENSE","learn-starter"
"is-negative-zero@2.0.1","MIT","https://github.com/inspect-js/is-negative-zero","https://github.com/inspect-js/is-negative-zero/raw/master/LICENSE","learn-starter"
"is-number-object@1.0.5","MIT","https://github.com/inspect-js/is-number-object","https://github.com/inspect-js/is-number-object/raw/master/LICENSE","learn-starter"
"is-number@7.0.0","MIT","https://github.com/jonschlinkert/is-number","https://github.com/jonschlinkert/is-number/raw/master/LICENSE","learn-starter"
"is-regex@1.1.3","MIT","https://github.com/inspect-js/is-regex","https://github.com/inspect-js/is-regex/raw/master/LICENSE","learn-starter"
"is-string@1.0.6","MIT","https://github.com/ljharb/is-string","https://github.com/ljharb/is-string/raw/master/LICENSE","learn-starter"
"is-symbol@1.0.4","MIT","https://github.com/inspect-js/is-symbol","https://github.com/inspect-js/is-symbol/raw/master/LICENSE","learn-starter"
"is-typed-array@1.1.5","MIT","https://github.com/inspect-js/is-typed-array","https://github.com/inspect-js/is-typed-array/raw/master/LICENSE","learn-starter"
"isarray@1.0.0","MIT","https://github.com/juliangruber/isarray","https://github.com/juliangruber/isarray","learn-starter"
"isexe@2.0.0","ISC","https://github.com/isaacs/isexe","https://github.com/isaacs/isexe/raw/master/LICENSE","learn-starter"
"jest-worker@27.0.0-next.5","MIT","https://github.com/facebook/jest","https://github.com/facebook/jest/raw/master/LICENSE","learn-starter"
"jju@1.4.0","MIT","https://github.com/rlidwka/jju","https://github.com/rlidwka/jju/raw/master/LICENSE","learn-starter"
"jquery-extend@2.0.3","MIT","https://github.com/dnukem/node-jquery-extend","https://github.com/dnukem/node-jquery-extend/raw/master/LICENSE","learn-starter"
"js-tokens@4.0.0","MIT","https://github.com/lydell/js-tokens","https://github.com/lydell/js-tokens/raw/master/LICENSE","learn-starter"
"js-yaml@3.14.1","MIT","https://github.com/nodeca/js-yaml","https://github.com/nodeca/js-yaml/raw/master/LICENSE","learn-starter"
"json-parse-better-errors@1.0.2","MIT","https://github.com/zkat/json-parse-better-errors","https://github.com/zkat/json-parse-better-errors/raw/master/LICENSE.md","learn-starter"
"json-parse-helpfulerror@1.0.3","MIT","https://github.com/smikes/json-parse-helpfulerror","https://github.com/smikes/json-parse-helpfulerror/raw/master/LICENSE","learn-starter"
"json-schema-traverse@0.4.1","MIT","https://github.com/epoberezkin/json-schema-traverse","https://github.com/epoberezkin/json-schema-traverse/raw/master/LICENSE","learn-starter"
"json-schema-traverse@1.0.0","MIT","https://github.com/epoberezkin/json-schema-traverse","https://github.com/epoberezkin/json-schema-traverse/raw/master/LICENSE","table:learn-starter"
"json-stable-stringify-without-jsonify@1.0.1","MIT","https://github.com/samn/json-stable-stringify","https://github.com/samn/json-stable-stringify/raw/master/LICENSE","learn-starter"
"json5@1.0.1","MIT","https://github.com/json5/json5","https://github.com/json5/json5/raw/master/LICENSE.md","learn-starter"
"jsx-ast-utils@3.2.0","MIT","https://github.com/evcohen/jsx-ast-utils","https://github.com/evcohen/jsx-ast-utils/raw/master/LICENSE.md","learn-starter"
"language-subtag-registry@0.3.21","ODC-By-1.0","https://github.com/mattcg/language-subtag-registry","https://github.com/mattcg/language-subtag-registry/raw/master/LICENSE.md","learn-starter"
"language-tags@1.0.5","MIT","https://github.com/mattcg/language-tags","https://github.com/mattcg/language-tags","learn-starter"
"levn@0.4.1","MIT","https://github.com/gkz/levn","https://github.com/gkz/levn/raw/master/LICENSE","learn-starter"
"license-checker@1.0.0","BSD-3-Clause","https://github.com/davglass/license-checker","https://github.com/davglass/license-checker/raw/master/LICENSE","learn-starter"
"load-json-file@4.0.0","MIT","https://github.com/sindresorhus/load-json-file","https://github.com/sindresorhus/load-json-file/raw/master/license","learn-starter"
"loader-utils@1.2.3","MIT","https://github.com/webpack/loader-utils","https://github.com/webpack/loader-utils/raw/master/LICENSE","learn-starter"
"locate-path@2.0.0","MIT","https://github.com/sindresorhus/locate-path","https://github.com/sindresorhus/locate-path/raw/master/license","eslint-module-utils:learn-starter"
"locate-path@5.0.0","MIT","https://github.com/sindresorhus/locate-path","https://github.com/sindresorhus/locate-path/raw/master/license","learn-starter"
"lodash.clonedeep@4.5.0","MIT","https://github.com/lodash/lodash","https://github.com/lodash/lodash/raw/master/LICENSE","learn-starter"
"lodash.merge@4.6.2","MIT","https://github.com/lodash/lodash","https://github.com/lodash/lodash/raw/master/LICENSE","learn-starter"
"lodash.sortby@4.7.0","MIT","https://github.com/lodash/lodash","https://github.com/lodash/lodash/raw/master/LICENSE","learn-starter"
"lodash.truncate@4.4.2","MIT","https://github.com/lodash/lodash","https://github.com/lodash/lodash/raw/master/LICENSE","learn-starter"
"lodash@4.17.21","MIT","https://github.com/lodash/lodash","https://github.com/lodash/lodash/raw/master/LICENSE","learn-starter"
"loose-envify@1.4.0","MIT","https://github.com/zertosh/loose-envify","https://github.com/zertosh/loose-envify/raw/master/LICENSE","learn-starter"
"lru-cache@6.0.0","ISC","https://github.com/isaacs/node-lru-cache","https://github.com/isaacs/node-lru-cache/raw/master/LICENSE","learn-starter"
"make-dir@3.1.0","MIT","https://github.com/sindresorhus/make-dir","https://github.com/sindresorhus/make-dir/raw/master/license","learn-starter"
"md5.js@1.3.5","MIT","https://github.com/crypto-browserify/md5.js","https://github.com/crypto-browserify/md5.js/raw/master/LICENSE","learn-starter"
"merge-stream@2.0.0","MIT","https://github.com/grncdr/merge-stream","https://github.com/grncdr/merge-stream/raw/master/LICENSE","learn-starter"
"merge2@1.4.1","MIT","https://github.com/teambition/merge2","https://github.com/teambition/merge2/raw/master/LICENSE","learn-starter"
"micromatch@4.0.4","MIT","https://github.com/micromatch/micromatch","https://github.com/micromatch/micromatch/raw/master/LICENSE","learn-starter"
"miller-rabin@4.0.1","MIT","https://github.com/indutny/miller-rabin","https://github.com/indutny/miller-rabin","learn-starter"
"minimalistic-assert@1.0.1","ISC","https://github.com/calvinmetcalf/minimalistic-assert","https://github.com/calvinmetcalf/minimalistic-assert/raw/master/LICENSE","learn-starter"
"minimalistic-crypto-utils@1.0.1","MIT","https://github.com/indutny/minimalistic-crypto-utils","https://github.com/indutny/minimalistic-crypto-utils","learn-starter"
"minimatch@3.0.4","ISC","https://github.com/isaacs/minimatch","https://github.com/isaacs/minimatch/raw/master/LICENSE","learn-starter"
"minimist@1.2.5","MIT","https://github.com/substack/minimist","https://github.com/substack/minimist/raw/master/LICENSE","learn-starter"
"mkdirp@0.3.5","MIT","https://github.com/substack/node-mkdirp","https://github.com/substack/node-mkdirp/raw/master/LICENSE","license-checker:learn-starter"
"mkdirp@0.5.5","MIT","https://github.com/substack/node-mkdirp","https://github.com/substack/node-mkdirp/raw/master/LICENSE","learn-starter"
"ms@2.0.0","MIT","https://github.com/zeit/ms","https://github.com/zeit/ms/raw/master/license.md","learn-starter"
"ms@2.1.2","MIT","https://github.com/zeit/ms","https://github.com/zeit/ms/raw/master/license.md","@typescript-eslint/typescript-estree:learn-starter"
"ms@2.1.3","MIT","https://github.com/vercel/ms","https://github.com/vercel/ms/raw/master/license.md","eslint-module-utils:learn-starter"
"nanoid@3.1.23","MIT","https://github.com/ai/nanoid","https://github.com/ai/nanoid/raw/master/LICENSE","learn-starter"
"native-url@0.3.4","Apache-2.0","https://github.com/GoogleChromeLabs/native-url","https://github.com/GoogleChromeLabs/native-url/raw/master/LICENSE","learn-starter"
"natives@1.1.6","ISC","https://github.com/addaleax/natives","https://github.com/addaleax/natives/raw/master/LICENSE.md","learn-starter"
"natural-compare@1.4.0","MIT","https://github.com/litejs/natural-compare-lite","https://github.com/litejs/natural-compare-lite","learn-starter"
"next@10.2.3","MIT","https://github.com/vercel/next.js","https://github.com/vercel/next.js/raw/master/license.md","learn-starter"
"node-fetch@2.6.1","MIT","https://github.com/bitinn/node-fetch","https://github.com/bitinn/node-fetch/raw/master/LICENSE.md","learn-starter"
"node-html-parser@1.4.9","MIT","https://github.com/taoqf/node-fast-html-parser","https://github.com/taoqf/node-fast-html-parser/raw/master/LICENSE","learn-starter"
"node-libs-browser@2.2.1","MIT","https://github.com/webpack/node-libs-browser","https://github.com/webpack/node-libs-browser/raw/master/LICENSE","learn-starter"
"node-releases@1.1.73","MIT","https://github.com/chicoxyzzy/node-releases","https://github.com/chicoxyzzy/node-releases/raw/master/LICENSE","learn-starter"
"nopt-defaults@0.0.1","BSD-3-Clause","https://github.com/btmills/nopt-defaults","https://github.com/btmills/nopt-defaults/raw/master/LICENSE","learn-starter"
"nopt-usage@0.1.0","MIT","","","learn-starter"
"nopt@2.2.1","MIT","https://github.com/isaacs/nopt","https://github.com/isaacs/nopt/raw/master/LICENSE","license-checker:learn-starter"
"nopt@3.0.6","ISC","https://github.com/npm/nopt","https://github.com/npm/nopt/raw/master/LICENSE","learn-starter"
"normalize-package-data@1.0.3","MIT*","https://github.com/meryn/normalize-package-data","https://github.com/meryn/normalize-package-data/raw/master/LICENSE","read-package-json:learn-starter"
"normalize-package-data@2.5.0","BSD-2-Clause","https://github.com/npm/normalize-package-data","https://github.com/npm/normalize-package-data/raw/master/LICENSE","learn-starter"
"normalize-path@3.0.0","MIT","https://github.com/jonschlinkert/normalize-path","https://github.com/jonschlinkert/normalize-path/raw/master/LICENSE","learn-starter"
"npm-license-crawler@0.2.1","BSD-3-Clause","https://github.com/mwittig/npm-license-crawler","https://github.com/mwittig/npm-license-crawler/raw/master/LICENSE","learn-starter"
"object-assign@4.1.1","MIT","https://github.com/sindresorhus/object-assign","https://github.com/sindresorhus/object-assign/raw/master/license","learn-starter"
"object-inspect@1.10.3","MIT","https://github.com/inspect-js/object-inspect","https://github.com/inspect-js/object-inspect/raw/master/LICENSE","learn-starter"
"object-is@1.1.5","MIT","https://github.com/es-shims/object-is","https://github.com/es-shims/object-is/raw/master/LICENSE","learn-starter"
"object-keys@1.1.1","MIT","https://github.com/ljharb/object-keys","https://github.com/ljharb/object-keys/raw/master/LICENSE","learn-starter"
"object.assign@4.1.2","MIT","https://github.com/ljharb/object.assign","https://github.com/ljharb/object.assign/raw/master/LICENSE","learn-starter"
"object.entries@1.1.4","MIT","https://github.com/es-shims/Object.entries","https://github.com/es-shims/Object.entries/raw/master/LICENSE","learn-starter"
"object.fromentries@2.0.4","MIT","https://github.com/es-shims/Object.fromEntries","https://github.com/es-shims/Object.fromEntries/raw/master/LICENSE","learn-starter"
"object.values@1.1.4","MIT","https://github.com/es-shims/Object.values","https://github.com/es-shims/Object.values/raw/master/LICENSE","learn-starter"
"once@1.4.0","ISC","https://github.com/isaacs/once","https://github.com/isaacs/once/raw/master/LICENSE","learn-starter"
"optionator@0.9.1","MIT","https://github.com/gkz/optionator","https://github.com/gkz/optionator/raw/master/LICENSE","learn-starter"
"os-browserify@0.3.0","MIT","https://github.com/CoderPuppy/os-browserify","https://github.com/CoderPuppy/os-browserify/raw/master/LICENSE","learn-starter"
"p-limit@1.3.0","MIT","https://github.com/sindresorhus/p-limit","https://github.com/sindresorhus/p-limit/raw/master/license","eslint-module-utils:learn-starter"
"p-limit@2.3.0","MIT","https://github.com/sindresorhus/p-limit","https://github.com/sindresorhus/p-limit/raw/master/license","p-locate:learn-starter"
"p-limit@3.1.0","MIT","https://github.com/sindresorhus/p-limit","https://github.com/sindresorhus/p-limit/raw/master/license","learn-starter"
"p-locate@2.0.0","MIT","https://github.com/sindresorhus/p-locate","https://github.com/sindresorhus/p-locate/raw/master/license","eslint-module-utils:learn-starter"
"p-locate@4.1.0","MIT","https://github.com/sindresorhus/p-locate","https://github.com/sindresorhus/p-locate/raw/master/license","learn-starter"
"p-try@1.0.0","MIT","https://github.com/sindresorhus/p-try","https://github.com/sindresorhus/p-try/raw/master/license","eslint-module-utils:learn-starter"
"p-try@2.2.0","MIT","https://github.com/sindresorhus/p-try","https://github.com/sindresorhus/p-try/raw/master/license","learn-starter"
"pako@1.0.11","(MIT AND Zlib)","https://github.com/nodeca/pako","https://github.com/nodeca/pako/raw/master/LICENSE","learn-starter"
"parent-module@1.0.1","MIT","https://github.com/sindresorhus/parent-module","https://github.com/sindresorhus/parent-module/raw/master/license","learn-starter"
"parse-asn1@5.1.6","ISC","https://github.com/crypto-browserify/parse-asn1","https://github.com/crypto-browserify/parse-asn1/raw/master/LICENSE","learn-starter"
"parse-json@4.0.0","MIT","https://github.com/sindresorhus/parse-json","https://github.com/sindresorhus/parse-json/raw/master/license","learn-starter"
"path-browserify@0.0.1","MIT","https://github.com/substack/path-browserify","https://github.com/substack/path-browserify/raw/master/LICENSE","node-libs-browser:learn-starter"
"path-browserify@1.0.1","MIT","https://github.com/browserify/path-browserify","https://github.com/browserify/path-browserify/raw/master/LICENSE","learn-starter"
"path-exists@3.0.0","MIT","https://github.com/sindresorhus/path-exists","https://github.com/sindresorhus/path-exists/raw/master/license","eslint-module-utils:learn-starter"
"path-exists@4.0.0","MIT","https://github.com/sindresorhus/path-exists","https://github.com/sindresorhus/path-exists/raw/master/license","learn-starter"
"path-is-absolute@1.0.1","MIT","https://github.com/sindresorhus/path-is-absolute","https://github.com/sindresorhus/path-is-absolute/raw/master/license","learn-starter"
"path-key@3.1.1","MIT","https://github.com/sindresorhus/path-key","https://github.com/sindresorhus/path-key/raw/master/license","learn-starter"
"path-parse@1.0.7","MIT","https://github.com/jbgutierrez/path-parse","https://github.com/jbgutierrez/path-parse/raw/master/LICENSE","learn-starter"
"path-type@3.0.0","MIT","https://github.com/sindresorhus/path-type","https://github.com/sindresorhus/path-type/raw/master/license","read-pkg:learn-starter"
"path-type@4.0.0","MIT","https://github.com/sindresorhus/path-type","https://github.com/sindresorhus/path-type/raw/master/license","learn-starter"
"pbkdf2@3.1.2","MIT","https://github.com/crypto-browserify/pbkdf2","https://github.com/crypto-browserify/pbkdf2/raw/master/LICENSE","learn-starter"
"picomatch@2.3.0","MIT","https://github.com/micromatch/picomatch","https://github.com/micromatch/picomatch/raw/master/LICENSE","learn-starter"
"pify@3.0.0","MIT","https://github.com/sindresorhus/pify","https://github.com/sindresorhus/pify/raw/master/license","learn-starter"
"pkg-dir@2.0.0","MIT","https://github.com/sindresorhus/pkg-dir","https://github.com/sindresorhus/pkg-dir/raw/master/license","eslint-module-utils:learn-starter"
"pkg-dir@4.2.0","MIT","https://github.com/sindresorhus/pkg-dir","https://github.com/sindresorhus/pkg-dir/raw/master/license","learn-starter"
"pkg-up@2.0.0","MIT","https://github.com/sindresorhus/pkg-up","https://github.com/sindresorhus/pkg-up/raw/master/license","learn-starter"
"platform@1.3.6","MIT","https://github.com/bestiejs/platform.js","https://github.com/bestiejs/platform.js/raw/master/LICENSE","learn-starter"
"pnp-webpack-plugin@1.6.4","MIT","https://github.com/arcanis/pnp-webpack-plugin","https://github.com/arcanis/pnp-webpack-plugin","learn-starter"
"postcss@8.2.13","MIT","https://github.com/postcss/postcss","https://github.com/postcss/postcss/raw/master/LICENSE","learn-starter"
"prelude-ls@1.2.1","MIT","https://github.com/gkz/prelude-ls","https://github.com/gkz/prelude-ls/raw/master/LICENSE","learn-starter"
"process-nextick-args@2.0.1","MIT","https://github.com/calvinmetcalf/process-nextick-args","https://github.com/calvinmetcalf/process-nextick-args/raw/master/license.md","learn-starter"
"process@0.11.10","MIT","https://github.com/shtylman/node-process","https://github.com/shtylman/node-process/raw/master/LICENSE","learn-starter"
"progress@2.0.3","MIT","https://github.com/visionmedia/node-progress","https://github.com/visionmedia/node-progress/raw/master/LICENSE","learn-starter"
"prop-types@15.7.2","MIT","https://github.com/facebook/prop-types","https://github.com/facebook/prop-types/raw/master/LICENSE","learn-starter"
"public-encrypt@4.0.3","MIT","https://github.com/crypto-browserify/publicEncrypt","https://github.com/crypto-browserify/publicEncrypt/raw/master/LICENSE","learn-starter"
"punycode@1.3.2","MIT","https://github.com/bestiejs/punycode.js","https://github.com/bestiejs/punycode.js/raw/master/LICENSE-MIT.txt","url:learn-starter"
"punycode@1.4.1","MIT","https://github.com/bestiejs/punycode.js","https://github.com/bestiejs/punycode.js/raw/master/LICENSE-MIT.txt","node-libs-browser:learn-starter"
"punycode@2.1.1","MIT","https://github.com/bestiejs/punycode.js","https://github.com/bestiejs/punycode.js/raw/master/LICENSE-MIT.txt","learn-starter"
"querystring-es3@0.2.1","MIT","https://github.com/mike-spainhower/querystring","https://github.com/Gozala/enchain/License.md","learn-starter"
"querystring@0.2.0","MIT","https://github.com/Gozala/querystring","https://github.com/Gozala/enchain/License.md","url:learn-starter"
"querystring@0.2.1","MIT","https://github.com/Gozala/querystring","https://github.com/Gozala/querystring/raw/master/LICENSE","learn-starter"
"queue-microtask@1.2.3","MIT","https://github.com/feross/queue-microtask","https://github.com/feross/queue-microtask/raw/master/LICENSE","learn-starter"
"randombytes@2.1.0","MIT","https://github.com/crypto-browserify/randombytes","https://github.com/crypto-browserify/randombytes/raw/master/LICENSE","learn-starter"
"randomfill@1.0.4","MIT","https://github.com/crypto-browserify/randomfill","https://github.com/crypto-browserify/randomfill/raw/master/LICENSE","learn-starter"
"raw-body@2.4.1","MIT","https://github.com/stream-utils/raw-body","https://github.com/stream-utils/raw-body/raw/master/LICENSE","learn-starter"
"react-dom@17.0.1","MIT","https://github.com/facebook/react","https://github.com/facebook/react/raw/master/LICENSE","learn-starter"
"react-is@16.13.1","MIT","https://github.com/facebook/react","https://github.com/facebook/react/raw/master/LICENSE","learn-starter"
"react-refresh@0.8.3","MIT","https://github.com/facebook/react","https://github.com/facebook/react/raw/master/LICENSE","learn-starter"
"react@17.0.1","MIT","https://github.com/facebook/react","https://github.com/facebook/react/raw/master/LICENSE","learn-starter"
"read-installed@3.1.5","ISC","https://github.com/isaacs/read-installed","https://github.com/isaacs/read-installed/raw/master/LICENSE","learn-starter"
"read-package-json@1.3.3","ISC","https://github.com/isaacs/read-package-json","https://github.com/isaacs/read-package-json/raw/master/LICENSE","learn-starter"
"read-pkg-up@3.0.0","MIT","https://github.com/sindresorhus/read-pkg-up","https://github.com/sindresorhus/read-pkg-up/raw/master/license","learn-starter"
"read-pkg@3.0.0","MIT","https://github.com/sindresorhus/read-pkg","https://github.com/sindresorhus/read-pkg/raw/master/license","learn-starter"
"readable-stream@2.3.7","MIT","https://github.com/nodejs/readable-stream","https://github.com/nodejs/readable-stream/raw/master/LICENSE","node-libs-browser:learn-starter"
"readable-stream@3.6.0","MIT","https://github.com/nodejs/readable-stream","https://github.com/nodejs/readable-stream/raw/master/LICENSE","learn-starter"
"readdir-scoped-modules@1.1.0","ISC","https://github.com/npm/readdir-scoped-modules","https://github.com/npm/readdir-scoped-modules/raw/master/LICENSE","learn-starter"
"readdirp@3.5.0","MIT","https://github.com/paulmillr/readdirp","https://github.com/paulmillr/readdirp/raw/master/LICENSE","learn-starter"
"regenerator-runtime@0.13.7","MIT","https://github.com/facebook/regenerator/tree/master/packages/regenerator-runtime","https://github.com/facebook/regenerator/tree/master/packages/regenerator-runtime/raw/master/LICENSE","learn-starter"
"regexp.prototype.flags@1.3.1","MIT","https://github.com/es-shims/RegExp.prototype.flags","https://github.com/es-shims/RegExp.prototype.flags/raw/master/LICENSE","learn-starter"
"regexpp@3.2.0","MIT","https://github.com/mysticatea/regexpp","https://github.com/mysticatea/regexpp/raw/master/LICENSE","learn-starter"
"require-from-string@2.0.2","MIT","https://github.com/floatdrop/require-from-string","https://github.com/floatdrop/require-from-string/raw/master/license","learn-starter"
"resolve-from@4.0.0","MIT","https://github.com/sindresorhus/resolve-from","https://github.com/sindresorhus/resolve-from/raw/master/license","learn-starter"
"resolve@1.20.0","MIT","https://github.com/browserify/resolve","https://github.com/browserify/resolve/raw/master/LICENSE","learn-starter"
"resolve@2.0.0-next.3","MIT","https://github.com/browserify/resolve","https://github.com/browserify/resolve/raw/master/LICENSE","eslint-plugin-react:learn-starter"
"reusify@1.0.4","MIT","https://github.com/mcollina/reusify","https://github.com/mcollina/reusify/raw/master/LICENSE","learn-starter"
"rimraf@3.0.2","ISC","https://github.com/isaacs/rimraf","https://github.com/isaacs/rimraf/raw/master/LICENSE","learn-starter"
"ripemd160@2.0.2","MIT","https://github.com/crypto-browserify/ripemd160","https://github.com/crypto-browserify/ripemd160/raw/master/LICENSE","learn-starter"
"run-parallel@1.2.0","MIT","https://github.com/feross/run-parallel","https://github.com/feross/run-parallel/raw/master/LICENSE","learn-starter"
"safe-buffer@5.1.2","MIT","https://github.com/feross/safe-buffer","https://github.com/feross/safe-buffer/raw/master/LICENSE","node-libs-browser:learn-starter"
"safe-buffer@5.2.1","MIT","https://github.com/feross/safe-buffer","https://github.com/feross/safe-buffer/raw/master/LICENSE","learn-starter"
"safer-buffer@2.1.2","MIT","https://github.com/ChALkeR/safer-buffer","https://github.com/ChALkeR/safer-buffer/raw/master/LICENSE","learn-starter"
"scheduler@0.20.2","MIT","https://github.com/facebook/react","https://github.com/facebook/react/raw/master/LICENSE","learn-starter"
"semver@4.3.6","ISC","https://github.com/npm/node-semver","https://github.com/npm/node-semver/raw/master/LICENSE","read-package-json:learn-starter"
"semver@5.7.1","ISC","https://github.com/npm/node-semver","https://github.com/npm/node-semver/raw/master/LICENSE","normalize-package-data:learn-starter"
"semver@6.3.0","ISC","https://github.com/npm/node-semver","https://github.com/npm/node-semver/raw/master/LICENSE","learn-starter"
"semver@7.3.5","ISC","https://github.com/npm/node-semver","https://github.com/npm/node-semver/raw/master/LICENSE","@typescript-eslint/typescript-estree:learn-starter"
"setimmediate@1.0.5","MIT","https://github.com/YuzuJS/setImmediate","https://github.com/YuzuJS/setImmediate/raw/master/LICENSE.txt","learn-starter"
"setprototypeof@1.1.1","ISC","https://github.com/wesleytodd/setprototypeof","https://github.com/wesleytodd/setprototypeof/raw/master/LICENSE","learn-starter"
"sha.js@2.4.11","(MIT AND BSD-3-Clause)","https://github.com/crypto-browserify/sha.js","https://github.com/crypto-browserify/sha.js/raw/master/LICENSE","learn-starter"
"shebang-command@2.0.0","MIT","https://github.com/kevva/shebang-command","https://github.com/kevva/shebang-command/raw/master/license","learn-starter"
"shebang-regex@3.0.0","MIT","https://github.com/sindresorhus/shebang-regex","https://github.com/sindresorhus/shebang-regex/raw/master/license","learn-starter"
"shell-quote@1.7.2","MIT","https://github.com/substack/node-shell-quote","https://github.com/substack/node-shell-quote/raw/master/LICENSE","learn-starter"
"side-channel@1.0.4","MIT","https://github.com/ljharb/side-channel","https://github.com/ljharb/side-channel/raw/master/LICENSE","learn-starter"
"slash@3.0.0","MIT","https://github.com/sindresorhus/slash","https://github.com/sindresorhus/slash/raw/master/license","learn-starter"
"slice-ansi@4.0.0","MIT","https://github.com/chalk/slice-ansi","https://github.com/chalk/slice-ansi/raw/master/license","learn-starter"
"slide@1.1.6","ISC","https://github.com/isaacs/slide-flow-control","https://github.com/isaacs/slide-flow-control/raw/master/LICENSE","learn-starter"
"source-map@0.6.1","BSD-3-Clause","https://github.com/mozilla/source-map","https://github.com/mozilla/source-map/raw/master/LICENSE","postcss:learn-starter"
"source-map@0.7.3","BSD-3-Clause","https://github.com/mozilla/source-map","https://github.com/mozilla/source-map/raw/master/LICENSE","styled-jsx:learn-starter"
"source-map@0.8.0-beta.0","BSD-3-Clause","https://github.com/mozilla/source-map","https://github.com/mozilla/source-map/raw/master/LICENSE","learn-starter"
"spdx-correct@3.1.1","Apache-2.0","https://github.com/jslicense/spdx-correct.js","https://github.com/jslicense/spdx-correct.js/raw/master/LICENSE","learn-starter"
"spdx-exceptions@2.3.0","CC-BY-3.0","https://github.com/kemitchell/spdx-exceptions.json","https://github.com/kemitchell/spdx-exceptions.json","learn-starter"
"spdx-expression-parse@3.0.1","MIT","https://github.com/jslicense/spdx-expression-parse.js","https://github.com/jslicense/spdx-expression-parse.js/raw/master/LICENSE","learn-starter"
"spdx-license-ids@3.0.9","CC0-1.0","https://github.com/jslicense/spdx-license-ids","https://github.com/jslicense/spdx-license-ids","learn-starter"
"sprintf-js@1.0.3","BSD-3-Clause","https://github.com/alexei/sprintf.js","https://github.com/alexei/sprintf.js/raw/master/LICENSE","learn-starter"
"stacktrace-parser@0.1.10","MIT","https://github.com/errwischt/stacktrace-parser","https://github.com/errwischt/stacktrace-parser/raw/master/LICENSE","learn-starter"
"statuses@1.5.0","MIT","https://github.com/jshttp/statuses","https://github.com/jshttp/statuses/raw/master/LICENSE","learn-starter"
"stream-browserify@2.0.2","MIT","https://github.com/browserify/stream-browserify","https://github.com/browserify/stream-browserify/raw/master/LICENSE","node-libs-browser:learn-starter"
"stream-browserify@3.0.0","MIT","https://github.com/browserify/stream-browserify","https://github.com/browserify/stream-browserify/raw/master/LICENSE","learn-starter"
"stream-http@2.8.3","MIT","https://github.com/jhiesey/stream-http","https://github.com/jhiesey/stream-http/raw/master/LICENSE","node-libs-browser:learn-starter"
"stream-http@3.1.1","MIT","https://github.com/jhiesey/stream-http","https://github.com/jhiesey/stream-http/raw/master/LICENSE","learn-starter"
"stream-parser@0.3.1","MIT","https://github.com/TooTallNate/node-stream-parser","https://github.com/TooTallNate/node-stream-parser/raw/master/LICENSE","learn-starter"
"string-hash@1.1.3","CC0-1.0","https://github.com/darkskyapp/string-hash","https://github.com/darkskyapp/string-hash","learn-starter"
"string-width@4.2.2","MIT","https://github.com/sindresorhus/string-width","https://github.com/sindresorhus/string-width/raw/master/license","learn-starter"
"string.prototype.matchall@4.0.5","MIT","https://github.com/es-shims/String.prototype.matchAll","https://github.com/es-shims/String.prototype.matchAll/raw/master/LICENSE","learn-starter"
"string.prototype.trimend@1.0.4","MIT","https://github.com/es-shims/String.prototype.trimEnd","https://github.com/es-shims/String.prototype.trimEnd/raw/master/LICENSE","learn-starter"
"string.prototype.trimstart@1.0.4","MIT","https://github.com/es-shims/String.prototype.trimStart","https://github.com/es-shims/String.prototype.trimStart/raw/master/LICENSE","learn-starter"
"string_decoder@1.1.1","MIT","https://github.com/nodejs/string_decoder","https://github.com/nodejs/string_decoder/raw/master/LICENSE","readable-stream:node-libs-browser:learn-starter"
"string_decoder@1.3.0","MIT","https://github.com/nodejs/string_decoder","https://github.com/nodejs/string_decoder/raw/master/LICENSE","learn-starter"
"strip-ansi@0.3.0","MIT","https://github.com/sindresorhus/strip-ansi","https://github.com/sindresorhus/strip-ansi","license-checker:learn-starter"
"strip-ansi@6.0.0","MIT","https://github.com/chalk/strip-ansi","https://github.com/chalk/strip-ansi/raw/master/license","learn-starter"
"strip-bom@3.0.0","MIT","https://github.com/sindresorhus/strip-bom","https://github.com/sindresorhus/strip-bom/raw/master/license","learn-starter"
"strip-json-comments@3.1.1","MIT","https://github.com/sindresorhus/strip-json-comments","https://github.com/sindresorhus/strip-json-comments/raw/master/license","learn-starter"
"styled-jsx@3.3.2","MIT","https://github.com/vercel/styled-jsx","https://github.com/vercel/styled-jsx/raw/master/license.md","learn-starter"
"stylis-rule-sheet@0.0.10","MIT","https://github.com/thysultan/stylis.js","https://github.com/thysultan/stylis.js","learn-starter"
"stylis@3.5.4","MIT","https://github.com/thysultan/stylis.js","https://github.com/thysultan/stylis.js/raw/master/LICENSE.md","learn-starter"
"supports-color@0.2.0","MIT","https://github.com/sindresorhus/supports-color","https://github.com/sindresorhus/supports-color","license-checker:learn-starter"
"supports-color@5.5.0","MIT","https://github.com/chalk/supports-color","https://github.com/chalk/supports-color/raw/master/license","learn-starter"
"supports-color@7.2.0","MIT","https://github.com/chalk/supports-color","https://github.com/chalk/supports-color/raw/master/license","@next/react-dev-overlay:learn-starter"
"supports-color@8.1.1","MIT","https://github.com/chalk/supports-color","https://github.com/chalk/supports-color/raw/master/license","jest-worker:learn-starter"
"table@6.7.1","BSD-3-Clause","https://github.com/gajus/table","https://github.com/gajus/table/raw/master/LICENSE","learn-starter"
"text-table@0.2.0","MIT","https://github.com/substack/text-table","https://github.com/substack/text-table/raw/master/LICENSE","learn-starter"
"timers-browserify@2.0.12","MIT","https://github.com/jryans/timers-browserify","https://github.com/jryans/timers-browserify/raw/master/LICENSE.md","learn-starter"
"to-arraybuffer@1.0.1","MIT","https://github.com/jhiesey/to-arraybuffer","https://github.com/jhiesey/to-arraybuffer/raw/master/LICENSE","learn-starter"
"to-fast-properties@2.0.0","MIT","https://github.com/sindresorhus/to-fast-properties","https://github.com/sindresorhus/to-fast-properties/raw/master/license","learn-starter"
"to-regex-range@5.0.1","MIT","https://github.com/micromatch/to-regex-range","https://github.com/micromatch/to-regex-range/raw/master/LICENSE","learn-starter"
"toidentifier@1.0.0","MIT","https://github.com/component/toidentifier","https://github.com/component/toidentifier/raw/master/LICENSE","learn-starter"
"tr46@1.0.1","MIT","https://github.com/Sebmaster/tr46.js","https://github.com/Sebmaster/tr46.js/raw/master/LICENSE.md","learn-starter"
"treeify@1.1.0","MIT","https://github.com/notatestuser/treeify","https://github.com/notatestuser/treeify/raw/master/LICENSE","learn-starter"
"ts-pnp@1.2.0","MIT","https://github.com/arcanis/ts-pnp","https://github.com/arcanis/ts-pnp","learn-starter"
"tsconfig-paths@3.9.0","MIT","https://github.com/dividab/tsconfig-paths","https://github.com/dividab/tsconfig-paths/raw/master/LICENSE","learn-starter"
"tslib@1.14.1","0BSD","https://github.com/Microsoft/tslib","https://github.com/Microsoft/tslib/raw/master/LICENSE.txt","learn-starter"
"tsutils@3.21.0","MIT","https://github.com/ajafff/tsutils","https://github.com/ajafff/tsutils/raw/master/LICENSE","learn-starter"
"tty-browserify@0.0.0","MIT","https://github.com/substack/tty-browserify","https://github.com/substack/tty-browserify/raw/master/LICENSE","node-libs-browser:learn-starter"
"tty-browserify@0.0.1","MIT","https://github.com/browserify/tty-browserify","https://github.com/browserify/tty-browserify/raw/master/LICENSE","learn-starter"
"type-check@0.4.0","MIT","https://github.com/gkz/type-check","https://github.com/gkz/type-check/raw/master/LICENSE","learn-starter"
"type-fest@0.20.2","(MIT OR CC0-1.0)","https://github.com/sindresorhus/type-fest","https://github.com/sindresorhus/type-fest/raw/master/license","globals:learn-starter"
"type-fest@0.7.1","(MIT OR CC0-1.0)","https://github.com/sindresorhus/type-fest","https://github.com/sindresorhus/type-fest/raw/master/license","learn-starter"
"typescript@4.3.4","Apache-2.0","https://github.com/Microsoft/TypeScript","https://github.com/Microsoft/TypeScript/raw/master/LICENSE.txt","learn-starter"
"unbox-primitive@1.0.1","MIT","https://github.com/ljharb/unbox-primitive","https://github.com/ljharb/unbox-primitive/raw/master/LICENSE","learn-starter"
"unpipe@1.0.0","MIT","https://github.com/stream-utils/unpipe","https://github.com/stream-utils/unpipe/raw/master/LICENSE","learn-starter"
"uri-js@4.4.1","BSD-2-Clause","https://github.com/garycourt/uri-js","https://github.com/garycourt/uri-js/raw/master/LICENSE","learn-starter"
"url@0.11.0","MIT","https://github.com/defunctzombie/node-url","https://github.com/defunctzombie/node-url/raw/master/LICENSE","learn-starter"
"use-subscription@1.5.1","MIT","https://github.com/facebook/react","https://github.com/facebook/react/raw/master/LICENSE","learn-starter"
"util-deprecate@1.0.2","MIT","https://github.com/TooTallNate/util-deprecate","https://github.com/TooTallNate/util-deprecate/raw/master/LICENSE","learn-starter"
"util-extend@1.0.3","MIT","https://github.com/isaacs/util-extend","https://github.com/isaacs/util-extend/raw/master/LICENSE","learn-starter"
"util@0.10.3","MIT","https://github.com/defunctzombie/node-util","https://github.com/defunctzombie/node-util/raw/master/LICENSE","assert:node-libs-browser:learn-starter"
"util@0.11.1","MIT","https://github.com/defunctzombie/node-util","https://github.com/defunctzombie/node-util/raw/master/LICENSE","node-libs-browser:learn-starter"
"util@0.12.3","MIT","https://github.com/browserify/node-util","https://github.com/browserify/node-util/raw/master/LICENSE","learn-starter"
"v8-compile-cache@2.3.0","MIT","https://github.com/zertosh/v8-compile-cache","https://github.com/zertosh/v8-compile-cache/raw/master/LICENSE","learn-starter"
"validate-npm-package-license@3.0.4","Apache-2.0","https://github.com/kemitchell/validate-npm-package-license.js","https://github.com/kemitchell/validate-npm-package-license.js/raw/master/LICENSE","learn-starter"
"vm-browserify@1.1.2","MIT","https://github.com/substack/vm-browserify","https://github.com/substack/vm-browserify/raw/master/LICENSE","learn-starter"
"watchpack@2.1.1","MIT","https://github.com/webpack/watchpack","https://github.com/webpack/watchpack/raw/master/LICENSE","learn-starter"
"webidl-conversions@4.0.2","BSD-2-Clause","https://github.com/jsdom/webidl-conversions","https://github.com/jsdom/webidl-conversions/raw/master/LICENSE.md","learn-starter"
"whatwg-url@7.1.0","MIT","https://github.com/jsdom/whatwg-url","https://github.com/jsdom/whatwg-url/raw/master/LICENSE.txt","learn-starter"
"which-boxed-primitive@1.0.2","MIT","https://github.com/inspect-js/which-boxed-primitive","https://github.com/inspect-js/which-boxed-primitive/raw/master/LICENSE","learn-starter"
"which-typed-array@1.1.4","MIT","https://github.com/inspect-js/which-typed-array","https://github.com/inspect-js/which-typed-array/raw/master/LICENSE","learn-starter"
"which@2.0.2","ISC","https://github.com/isaacs/node-which","https://github.com/isaacs/node-which/raw/master/LICENSE","learn-starter"
"word-wrap@1.2.3","MIT","https://github.com/jonschlinkert/word-wrap","https://github.com/jonschlinkert/word-wrap/raw/master/LICENSE","learn-starter"
"wrappy@1.0.2","ISC","https://github.com/npm/wrappy","https://github.com/npm/wrappy/raw/master/LICENSE","learn-starter"
"xtend@4.0.2","MIT","https://github.com/Raynos/xtend","https://github.com/Raynos/xtend/raw/master/LICENSE","learn-starter"
"yallist@4.0.0","ISC","https://github.com/isaacs/yallist","https://github.com/isaacs/yallist/raw/master/LICENSE","learn-starter"
"yocto-queue@0.1.0","MIT","https://github.com/sindresorhus/yocto-queue","https://github.com/sindresorhus/yocto-queue/raw/master/license","learn-starter"